,resource_state,name,distance,moving_time,elapsed_time,total_elevation_gain,type,sport_type,workout_type,id,start_date,start_date_local,timezone,utc_offset,location_city,location_state,location_country,achievement_count,kudos_count,comment_count,athlete_count,photo_count,trainer,commute,manual,private,visibility,flagged,gear_id,start_latlng,end_latlng,average_speed,max_speed,average_cadence,has_heartrate,average_heartrate,max_heartrate,heartrate_opt_out,display_hide_heartrate_option,elev_high,elev_low,upload_id,upload_id_str,external_id,from_accepted_tag,pr_count,total_photo_count,has_kudoed,athlete.id,athlete.resource_state,map.id,map.summary_polyline,map.resource_state
0,2,Nike Run Club: Monday Evening Run,7750.0,3746,3915,51.0,Run,Run,,11080871506,2024-04-01T06:21:52Z,2024-04-01T17:21:52Z,(GMT+10:00) Australia/Sydney,39600.0,,,,3,0,0,1,0,False,False,False,False,everyone,False,g16756291,"[-33.91017196699977, 151.11220347695053]","[-33.9220217987895, 151.16564858704805]",2.069,3.938,76.1,True,129.8,155.0,False,True,23.8,0.4,11844899981,11844899981,363d5d49-653d-4415-871a-2f60dbaa2c28.fit,False,0,0,False,94091899,1,a11080871506,dk~mEsjiy[fAm@fAg@b@YjAm@fAq@`@QRGPMRG@[Im@Yc@OOFUEw@MeA@UEYEaB`@_@LO`@]HU`@[JQ\_@JSNOh@}@Lk@JUPk@ZcCL_BTiAHSBUSMOO]{AHm@Cq@EY@YJm@@YQKSgDJeAHS?UDq@?ULyADU@WCUGU?q@N}AJi@?WJgADWBeADm@VyATk@\[Vc@LOPi@DUf@q@Li@Vg@Pi@@YLi@JeA?WMo@Wg@CWKQKm@S_A]cAIQEWYeAWi@e@{@y@{@[c@{AuAk@m@QKGULSh@m@NI^]NITe@HYRKDSEWKQw@_AYg@W{ABk@DUl@iANMLORk@LQJUZ_Av@yAFSDk@X{@HSr@_@hA_@r@_@PCb@@b@Ph@p@dAn@b@PrA|@d@p@Z|@b@pBt@fB^\t@f@PFf@Lh@D`BAf@CRGPGb@[`@SLMn@kALMFWDm@Jk@X_AR{AZaAFo@HWTg@Rk@Ve@Rg@Nk@HQJo@Pm@Fk@BkAEs@BcALk@KOMk@{@Gw@U_@WGq@MSGUCm@Hm@NOHQ?UESYe@ISEWDo@AWESu@iAISa@Yc@SMKKQOKWa@GWMQa@[ISAu@Fo@^{AAWBUZ}@`@w@HULSRe@LMJQNOf@u@RG`AwAJSBYX_@NMPi@Li@DgAIm@Qm@AgAMm@AgAEUGgAKQQF_@WDYv@gAZeAb@u@^_Ap@iARk@Ze@\_@p@k@FSa@YQEEWRGLKb@DNJ`@PjAZPHZ`@lAJb@?VD|@DPGn@kBLM\c@JSNKLSNKTGb@WLOd@Q\[T?N@R?LOFUJOQe@CU[]We@OMQE_@YOSUc@QKOOa@U]]QEc@SQQOGwAgBo@q@IQGSOKQEIQVi@uB}BKQ[_@MSy@_AIQm@m@KO_@w@MMUGEUg@u@SOMQk@oAQM,2
1,2,Nike Run Club: Sunday Evening Run,12004.9,4317,4380,50.0,Run,Run,,11080115598,2024-03-31T07:35:53Z,2024-03-31T18:35:53Z,(GMT+10:00) Australia/Sydney,39600.0,,,,19,1,0,1,0,False,False,False,False,everyone,False,g16756291,"[-33.91112859360874, 151.11319966614246]","[-33.910086723044515, 151.11222552135587]",2.781,4.804,80.8,True,157.6,178.0,False,True,10.4,1.0,11844083840,11844083840,b9e3d8c5-2b2e-448f-9a98-1084fdcde8e2.fit,False,6,0,False,94091899,1,a11080115598,vq~mEyniy[vBiAz@Y`@UGeAQQWg@ROKSUaB@YISEaBBUNG^a@JQPIh@w@n@k@Xc@p@sAj@kBXiDh@oCGUQIMQUeAAWHq@EU?o@NkA[g@KyB@q@DWBq@Ho@XkEMSAUDw@f@oDHqCj@sCn@o@kCs@DUJQCWHYbAuAJo@EWHkA\e@DY?gAEWmAcFQk@a@[Oq@m@u@}A{Aq@e@_ACMOBYXi@NKj@Od@q@v@y@n@c@LOX_APIDUGUcAuAa@sACWDu@To@Tk@\c@jAuC`@u@PSFSLeA^_Ax@e@pB}@d@Kb@B\Zh@x@v@XzBvAHR^\Th@^fB~@hCp@h@|@d@h@JvBAz@Gd@Qr@g@`@c@d@{@To@n@yDHU@SHSB[ZmAhAwCZeAVk@FWLeACk@BWByB@ULg@UaA?q@ESGoCm@oDc@cDq@uA]WeAyAMk@[{@Im@?q@Lm@JORi@BUPk@x@_A^]rAiB^Uf@MLMP}ARm@Zi@?UQm@O_AFk@?WGWMOCYAaAFeBMWMm@AYBYTaA`@u@Za@PONKf@HPClA]g@iC]oCc@u@QOc@MKRv@VLNGVaAv@aA`B_BzC[|@}@dBMNGR`@TPCLLAX^xFTbAAdBIn@m@nA_@`AYd@[`@SLuBvCOHKR{@dC?VYdAKdA?j@FTl@p@Tf@x@bAv@Zt@bAPh@Lr@CZDl@Z`@Nj@?VGT[^ET@VHVXf@@XNR`@ZbBZ?VHPBXMvAFbBOdB_@rAmBpFy@rDOfA[xAW~@g@t@o@n@eAn@y@FaB?qASg@UcAs@e@uAEUKOOm@CUSg@EYy@oAyBsAw@]m@q@QOSKQAi@LeDxAWd@MfAQh@}@~AMl@Yf@Uj@_@b@o@tAGZ@VLj@X`Ax@~@Vf@?ZMNSCAXSj@}@~@a@Vk@t@OLu@T[f@CVNN~@BbBzAnAtAJTLl@f@Vl@lCPn@PhAHX@RGjA[d@MlAJh@MRCXgAtAIRBTMRBTj@Hz@Xd@Lu@p@WbAIn@KbCSzBKp@MpBHRDXS`A@hAQvAAr@Gt@?t@JbBNLFRIXGn@DfA?TGTBXVhAPPRDCXi@jC]rDWdA_@`Aw@rAo@p@_@d@}AzADX@jAFX@\ZzAOr@x@dBMPUD_FfCYf@OJ{CbB,2
2,2,Nike Run Club: Sunday Evening Run,12010.2,4160,4183,73.0,Run,Run,,11027676544,2024-03-24T08:05:58Z,2024-03-24T19:05:58Z,(GMT+10:00) Australia/Sydney,39600.0,,,,16,2,0,1,0,False,False,False,False,everyone,False,g16756291,"[-33.90982126817107, 151.11079255118966]","[-33.9095279853791, 151.1107757035643]",2.887,4.34,81.3,True,164.3,180.0,False,True,14.2,-4.8,11788362286,11788362286,71a5814b-c876-4e1c-9b65-0f431358bae6.fit,False,13,0,False,94091899,1,a11027676544,li~mEs_iy[d@SPMPA\a@BS^_@~E_CNQb@M^YxBcAGk@[wAs@yBSiA_@c@JQIk@@YGSAq@EW?YEUEq@DUPKJSjDoDFi@f@w@@Y`@}@GUNMBs@TsBb@oBk@q@SyAFm@IWBaANiASGg@BkA^y@JOGLg@BWSk@[g@KaBDo@Nq@j@q@^]Eo@Fq@?YPi@@YHUBm@CYFU?WZyB@UGcARiALOLk@BYCYZcBPk@f@y@b@c@Lu@Ao@JcAXg@HiAEo@c@sAUgAKq@@UKOIUg@WOo@MUWIc@a@IWc@SKUo@o@_AAQICUFS\a@x@Wn@kAbB{ATk@LOPIDWa@y@o@s@g@{AAo@Jo@f@}@PKDSLMn@oA`@uAr@qALkATk@r@g@v@UjAi@z@B`@`@h@r@f@JxAx@`Az@h@xAJPPhALRDXp@jAbAt@f@RrAT`A?rAIhAi@l@q@HWNILSh@sBFo@TeAJU?UFU@WFS@Uf@sADYf@{ANWb@uAJm@Dm@BsCFk@Nq@CUKSIs@@YKiBAm@OgAQ}BISOiAYgAWm@_AiAg@w@u@kBKoA@WD[Zm@ViAp@gAt@q@Zm@n@w@lA_@NOR{BPg@PQBS_@_BCWJk@CYWo@Eu@?u@DU@q@KUMs@?WHo@DUJSr@{@Ve@NIb@H~@O`AhFLjAVf@XbBb@vAj@dDRh@Ll@LnA?dAOLg@JMTOJi@|@cCt@GbAHzB_AjFAVMj@At@GVAl@?xCO`BEbB_@fFe@SUGQ?KVFVNHWhAAr@BdACv@KlA}@pCcAnCc@zASfAIr@Uh@MlAOp@Uh@[j@a@^a@Xw@^cAFm@CwAKg@Og@Wu@m@m@uAq@sCWk@QKg@q@mBiA{@_@i@s@_@Yk@?e@XaBn@s@b@]~@MfA[b@q@tAKj@OP_@z@w@`AUn@Ap@PbATl@bAzAFRCTFn@JVf@r@Tj@\`@Vh@NJ?p@NRFXl@hAjB`FVf@?TJR@TRl@Jl@dApEWfEEfBwAhHJ~FAt@Dl@S~BKxBk@|HFRf@JLl@RCf@FTFJNQ|CG~FU~AIRm@z@wE|FWb@_F~FeBt@CTKPQL@V\bAI\QJg@JgAx@eAl@sAj@eAt@sBdAaBv@QN}@^,2
3,2,Nike Run Club: Wednesday Evening Run,3000.4,1341,1344,11.0,Run,Run,,10998794915,2024-03-20T08:46:52Z,2024-03-20T19:46:52Z,(GMT+10:00) Australia/Sydney,39600.0,,,,1,0,0,1,0,False,False,False,False,everyone,False,g16756291,"[-33.87350516393781, 151.1843207012862]","[-33.872994957491755, 151.18601552210748]",2.237,3.318,80.7,True,148.6,159.0,False,True,22.8,1.6,11758604387,11758604387,7a3972fb-2eb8-435d-bca1-2af2013f49fa.fit,False,0,0,False,94091899,1,a10998794915,bzvmEqrwy[p@iEJSb@[^[NIKOGWNSNKRCTDf@KRKf@Gd@ORAREd@a@HQ\]PMPGLMPINKJQSk@AY_@y@AUFSzA_B~@cBl@q@`Au@~@w@RKdAq@PEPILS^[RMd@Ot@c@~@yAx@aARg@FW?WEq@Om@_@{@CUISQeAMOi@Re@Xu@Xa@Vg@Nu@b@c@Pc@\u@^iA`@mCzAQFOJiAf@S@o@d@e@TSFa@TQBSHQHY`@IPEX?XPn@nBjD~@zADRFl@FTXd@f@n@jAxBGTo@p@e@H_@^MRs@j@UAg@Jg@DSFSJSBONKMSBKP,2
4,2,Nike Run Club: Wednesday Evening Run,3355.7,1681,1772,196.0,Run,Run,,10998695670,2024-03-20T08:15:59Z,2024-03-20T19:15:59Z,(GMT+10:00) Australia/Sydney,39600.0,,,,9,1,0,1,0,False,False,False,False,everyone,False,g16756291,"[-33.87288666330278, 151.18550305254757]","[-33.87395233847201, 151.18364327587187]",1.996,4.434,67.5,True,152.3,183.0,False,True,33.6,3.8,11758501669,11758501669,e0e834d1-8a59-48ec-ae8e-c4c378c0edf8.fit,False,3,0,False,94091899,1,a10998695670,j_wmEq`wy[LRu@aAg@kAKMKSES}@yA]_AWcAVh@Zb@Pn@Vb@Ph@Xh@h@pAb@v@OKKQEU[]Ue@Sg@W_@Qi@MQIUWc@S}@KQt@nARl@b@|@FTb@x@FTVf@f@n@FTOIMQIQCUY]Wc@]}@MQ]w@e@w@CSGUKQGUX^Th@,2
5,2,Treadmill run because rained out,8004.3,3412,3412,0.0,Run,Run,0.0,10984452453,2024-03-18T08:39:15Z,2024-03-18T19:39:15Z,(GMT+10:00) Antarctica/Macquarie,39600.0,,,,0,1,0,1,0,True,False,False,False,everyone,False,g16756291,[],[],2.346,3.19,,True,140.8,148.0,False,True,0.0,0.0,11743742966,11743742966,C5391662-1AB8-4D81-A378-10BA325280A1-activity.fit,False,0,0,False,94091899,1,a10984452453,,2
6,2,Hej: Home to IKEA,11013.8,4478,4614,61.0,Run,Run,0.0,10976512569,2024-03-17T07:27:41Z,2024-03-17T18:27:41Z,(GMT+10:00) Australia/Sydney,39600.0,,,,9,2,0,1,0,False,False,False,False,everyone,False,g16756291,"[-33.9095623511821, 151.11032391898334]","[-33.92269612289965, 151.16754130460322]",2.46,4.494,79.7,True,145.4,182.0,False,True,22.6,1.2,11735159172,11735159172,229fb0da-f71f-4314-a678-5a4ff56fb355.fit,False,1,1,False,94091899,1,a10976512569,zb~mEseiy[t@c@d@OjAk@pDuBd@MLOdE}BjA_@POKgAg@w@RMIk@Sm@KyAAmADWLOhDqDv@yA`@wAVgCNgAReAHm@HU_@_@IQUaAAWFW?WCq@?k@@YHQAYQCg@NaBVOHSECYFUCYe@y@ESMwA?UJgAd@q@b@WHSCk@NcBXeABUJqCNsBHUDo@JU?UFUT{AHq@AYPk@LQd@{@j@s@BUJSGUAWFo@FWXc@@[@m@CYKUEo@i@sBKo@Qk@OOSEYcAkCoC_@YQGg@?UGIUBYZa@v@Yt@eA`@_@`Au@Vc@BUZ]CYIQ[c@OOYc@Sm@QgA?UBWn@oAj@u@FSXe@Nm@Re@p@qAHSDm@DUVi@NOr@_@h@OfAg@b@KR@TJx@bA|Ap@xA~@j@x@Ph@d@rB|@xBn@f@x@`@d@LdBD|@Ab@IPIt@c@\_@z@}ARcABWVaATwAHU^oB^y@XcATe@bAmDDcBCq@@o@Ho@Ng@SIKm@U?{@Mc@U_@[?YYc@GSCYJo@Za@?YKk@OQOk@?eACWWg@[]Wg@MMu@Yk@w@c@y@c@[IWCWLaBFUTe@LeALi@Vc@DUZg@DSLQNMr@eAbAy@hBoDLk@HeAGq@SeA@UIgAIUOcDQGQ?OMAWr@iAPk@j@kA\{@`B}Ch@s@n@g@BUQMe@M?WNKPDPH^\JQh@Fx@X`@VLNdEVREj@gBp@q@`@y@d@Qp@g@dAk@j@@RE^{@KOQm@i@q@_@]e@WSc@Pc@j@k@RG`A_ArA_AjD|B`Av@|@`@tA`AjAl@n@f@d@Ld@Q~@cB\}Af@wCb@wARiAl@gCBYIiAEUKOWEUBg@WgAw@kAm@]a@UCaA_Ai@Si@Ae@P}Dn@{@\u@j@Uh@wAdCc@Uo@i@EUPMJUBWBT[d@UBKSa@_@gAyAcAeA{BsCmC}CRm@FW?WJULNGPm@v@y@lAKVg@t@_@`Ay@lAWh@i@z@QNOOq@sAkC{CyAmBe@y@]a@KYLKWm@RMRBRINSGw@HUJU\_@Zg@^{@tAkBDWLKP@^f@ATl@l@xApBTFJQOUQOEWA]QSYi@k@u@Uk@}AeC}A`BQl@}@jAYh@u@p@WIs@mB,2
7,2,Evening Tempo Run,6010.2,1912,1912,17.0,Run,Run,0.0,10963156009,2024-03-15T08:26:23Z,2024-03-15T19:26:23Z,(GMT+10:00) Australia/Sydney,39600.0,,,,42,1,1,1,0,False,False,False,False,everyone,False,g16756291,"[-33.86091378517449, 151.1640994437039]","[-33.88342497870326, 151.1444490775466]",3.143,4.682,82.5,True,168.2,191.0,False,True,17.8,1.2,11721285495,11721285495,0ea6a04b-c2b7-461f-bd44-9c75e9f61a31.fit,False,20,0,False,94091899,1,a10963156009,xhtmEc_sy[qAlBONKRm@l@]XKPMLs@l@KP_@Tq@l@SJs@n@c@ZMPGr@?jACVClAEt@g@nBSd@a@zAEr@BdBAjAJTNJVDR?f@Aj@GR?`F]PHb@z@DRO~BF~AAZ{@pBs@jAIVCTDZh@hBVh@TLVB~@R`@ZTf@bA~Dd@z@`@`@Z`@nAfAjAvAbA`AHVJRZfARfBVzADr@?fAGn@?t@GtCBfALbBXd@pAtAVf@RHVDREf@S~C_AfBsAJQv@iCF[ZcADWPQPIbAYTCV?TDRLNRrA~FLRZ~@r@fBj@fBTbAFn@`@|Bd@|AXbBXbALRr@l@d@Rb@Nl@BV?b@Ih@Sp@i@j@s@j@wBUc@{@wCa@uB_@uCKwBAu@BiAPmA@UT{BRcAX{BPo@AWFUr@oAjAm@x@[~AaBGSFWJW`@e@z@@TEj@Cf@ZFRJNVBTH`@VPPLRNRTJPFpAMTBRHf@TVB`Bt@PN`@RPFRLNPTHP@f@V^`@PJRD^j@NJLRDXJP^Xv@ZxAr@RDvB@PBd@Td@Hv@^^^h@Ld@T\^PHVDvCpAhAl@v@rAb@X,2
8,2,3km warm up,3007.1,1326,1329,24.0,Run,Run,0.0,10963030229,2024-03-15T08:01:17Z,2024-03-15T19:01:17Z,(GMT+10:00) Australia/Sydney,39600.0,,,,14,0,0,1,0,False,False,False,False,everyone,False,g16756291,"[-33.87935422360897, 151.14628152921796]","[-33.861132971942425, 151.16402409039438]",2.268,3.362,77.0,True,137.2,149.0,False,True,16.8,1.4,11721155428,11721155428,7b8c4ae5-4241-4b05-9c01-448febb689b2.fit,False,10,0,False,94091899,1,a10963030229,huwmEg{oy[_CiAQMIOCWGWa@YKSMOSESIYa@SKi@ISG[_@wAs@a@Ww@]S?u@Yi@?SEGWNm@Rk@KSw@W]]U?y@c@ISQCcA_AKSUDUESAUKKQGUIS]]SEg@OOKy@WSAc@MeBYsFAUBQCSB{AEQMQAOOe@Uw@YaAu@e@Ug@MS@_@[m@w@KSUk@UaAU}AEo@BYFYLSCm@GUOOOISOMSGm@a@oAw@{C}@cBq@_CSg@Io@e@u@][e@QaAw@_@e@ISc@mBGk@Qm@CUHUA[LgAGWQGUAc@HSCQIWe@a@kBc@{@Yc@OO,2
9,2,Nike Run Club: Wednesday Evening Run,6125.8,2173,3009,23.0,Run,Run,,10949342068,2024-03-13T09:36:01Z,2024-03-13T20:36:01Z,(GMT+10:00) Australia/Sydney,39600.0,,,,2,0,0,1,0,False,False,False,False,everyone,False,g16756291,"[-33.903388576582074, 151.22284728102386]","[-33.890440966933966, 151.2091362476349]",2.819,17.39,73.1,True,146.2,175.0,False,True,44.2,31.8,11707023542,11707023542,be7bb33f-8d5c-4e4b-9eea-dca1d8380c79.fit,False,0,0,False,94091899,1,a10949342068,xf|mE{r~y[qMjAkHt@sAJcDZe@HOHsBdCu@v@u@|@}B`DuCtEaAnB[d@Wv@_@x@GRKx@SxDUtByA|SCTc@|A,2
10,2,8km Recovery Run,8004.4,3487,3491,45.0,Run,Run,0.0,10935372782,2024-03-11T09:32:46Z,2024-03-11T20:32:46Z,(GMT+10:00) Australia/Sydney,39600.0,,,,59,2,0,1,0,False,False,False,False,everyone,False,g16756291,"[-33.87692506425083, 151.14724192768335]","[-33.876910312101245, 151.14732725545764]",2.296,3.28,79.5,True,135.0,147.0,False,True,17.6,0.0,11692599309,11692599309,8e56b1ba-e931-4ae5-b03c-65ce18316459.fit,False,35,0,False,94091899,1,a10935372782,tfwmEufpy[}As@SGSAQIOMSGg@?SCGWBUZ}@BUOIg@OQKOMQISAc@OOOUIMOOKm@k@IQi@Ce@MOKQm@KOa@UeCw@iCi@S@_AAe@@wB?kCCUCg@Oc@Ua@Wu@]cAq@c@Ui@GQI_@[[a@IS]{@UeAMiA@UEUDm@Pi@Gq@GSMMc@UKU]yAaAmDSi@w@aB}@uCBWISk@s@_@Yc@Ua@Y][[_@IUU_AW{AOo@?UDSHeACq@QKUCi@DQCQKMOISOk@?UOi@Wg@MO[]MSa@[a@[SEQCy@Cc@Ga@WMQCS@YFWJQr@c@AUMMOHSf@OPKRQd@a@r@Y^IPg@p@KRsAhBy@`AoBjBc@Zo@j@wB~AIbAAjAEl@@l@GVAn@sAdEQfADnDHXLPd@Dd@Ah@ET?tBQpAGj@?LPXd@HR@XObB?XFfAAVETa@z@Sj@s@nAGR?r@Nf@JTLh@Th@NJRDx@Jf@TNPTf@^|ALl@Nn@Xj@z@bApBnBh@t@p@p@l@x@Rh@Nj@Hn@XvBJfA@jAK`C?nAEn@N~B@VPf@jAnAf@v@RJRDTAd@Qj@Md@WjAYRKLMfAs@JQPk@\{@z@}CJQf@STCRKPEPCR@TFPLRh@T`APl@V|Ad@xA^z@fAxCb@lCLl@Hl@FVTf@Nl@j@pC`@v@NPx@^f@RRBd@@x@I^Qb@WPM\e@LQLm@ZaACUUg@s@aCi@iCYwBKuC?gADiAV{Bj@cENk@Fo@?m@JWt@gALMf@Q|Aw@lAkABUAWHWV]PKR?PBVANKl@EPDNLVb@PHPDr@`@NPVb@NLd@Lx@QR?PBfA\|At@,2
11,2,Morning Run,10003.3,4345,4394,19.7,Run,Run,0.0,10926496259,2024-03-09T23:09:46Z,2024-03-10T10:09:46Z,(GMT+10:00) Australia/Sydney,39600.0,,,,2,3,0,1,0,False,False,False,False,everyone,False,g16756291,"[-33.90952127985656, 151.1107995081693]","[-33.91497043892741, 151.11928400583565]",2.302,3.82,,True,147.6,161.0,False,True,10.6,4.7,11683255483,11683255483,8E807166-BF19-4EFE-A5C3-DF9E7BFD11FF-activity.fit,False,0,1,False,94091899,1,a10926496259,hd~mEefiy[f@Q`@c@zH}Dj@_@hAg@VUz@e@f@OTQU{@]i@GSHE?QGs@Ki@Co@GOCiBv@u@vAeBZU\c@Pe@T]d@{A^sCF_AZeBPe@IKSGKOYsADu@E{ANeAAKMCKSAy@EY?oALcAAWJ}@@_@AKFgALs@Q_@Bi@DYBe@PiAAUTiBJeC`@gBTYVODKgAQaA[EG@IR[@KIGLODYv@w@J[Da@EUBo@H[Xi@Fk@Cm@e@gCe@cBE_@Wg@[QSw@iDmDOGy@@KGIUFW\g@v@U`@q@l@q@fAy@R_@J_@@MNFDGEe@_@i@o@y@c@sAAa@Fs@h@iAh@q@^s@ZkAdAiBLeAb@_Ap@c@|B{@x@KZV`@n@bBv@`BdAb@l@Tf@`@xBl@|A`@l@^Zb@VtA^zBA~@MdAq@j@s@J]Xc@TgAFm@JY`AiFdBmEXqARg@D[DwAEyA@WVcAGIMA?g@CC}ASu@]GQ@]KKKSKi@Ba@`@w@@KQy@SYGU@{@DYWo@MSUQm@s@SEc@]m@y@Qa@m@k@Kg@JkBVk@TwA^{@Ha@Na@V_@NMHUHGZg@X[`@Wv@kAIZa@p@s@l@s@jAgAvAE\i@nAMlAUl@K|@Bn@HRd@\dAbBXTRBp@l@l@hANt@CRBv@Z`@N`@Ap@a@j@EV@Vd@dA?Vh@d@lBZBLCXLd@QbA@x@Hh@EXAz@C`@y@nCWb@}@dCIh@Qf@Or@YnBSd@OhAQp@_AvAqAz@_@HoADiACaAM{@a@{@w@WgAg@oAMw@KSI]w@gA}BuAw@]s@y@_@I}@PcBt@_@J]VWx@C^Kd@Yd@a@fAIHEVIRg@p@GZ]^_@t@Sf@A`@Jr@Tr@Tf@n@p@R^BHEXIDOCED?TWj@c@^a@h@g@\U`@YVq@R_@n@?RDJx@?VDf@f@LTZTp@v@ZTPZTt@PBPNhA`FHr@HZErAU`@I\Ad@EJFT?RMj@u@`Ac@\Qd@Kt@?f@]|AA\Q|@Aj@GNC\InA?n@IdAc@bDKd@B~@ITcAv@SnBDfAFXT^LHL\Kv@HNJ@ZOj@KpA_@F?PV,2
12,2,Yummy Tempo Run,7145.2,2696,2714,45.0,Run,Run,0.0,10914443781,2024-03-08T06:31:00Z,2024-03-08T17:31:00Z,(GMT+10:00) Australia/Sydney,39600.0,,,,3,1,0,1,0,False,False,False,False,everyone,False,g16756291,"[-33.91137342900038, 151.1118434742093]","[-33.909603422507644, 151.11030288040638]",2.65,4.356,79.2,True,156.5,181.0,False,True,10.8,1.2,11670732566,11670732566,bf181a1b-df65-4b1b-9c1e-7da9e4ec78a6.fit,False,0,1,False,94091899,1,a10914443781,no~mEgmiy[`Ai@NMb@MNM`@QLOf@YNCd@OLOS_Aa@{@RGCWISEUIq@Eo@Gk@CeAd@c@HQlAgAXc@PKd@s@HWVc@\aARcANgALaBPo@Fm@Ni@_@_@MQQgAAUFU?YEeAJkAQKi@D{@VS@g@POMFm@AWIUQOMQGWM{A@UDm@FSTi@`@_@RIBUGYFS@Yh@eCDgALuBAWRyA@m@JOX{AJ_B?UPk@b@y@^a@JQJQPg@DSIYFq@FYTc@JiACYIi@a@}ACSIUQcASk@e@WMo@IWsAoA[_@UKY_@SMQ@i@EOQAUJS\a@j@M^i@JU~@}@PINORMPk@HSPI?SEU[e@_@a@MS_@sACY?YBYj@qAnAoBNo@JW|@gB^}AD[LOPMRGPORAfAa@ROb@IR@PDTNJR\`@d@Rz@d@rAz@j@z@Tb@Mj@HPDTGTSJ[nCOPcA@g@ESGW?SEsAK{@KSGS?i@KOISFCXRDFr@ATIRC\i@t@m@tAULSJUb@}@x@QGGPA\e@d@MPqAhAGXPHr@p@~@t@\`@RN\\LVl@t@r@`BTfA`@`ALj@JTLdAHR@T\f@Jl@@ZCl@W~@Kt@Oj@MNUn@Yd@c@bA]f@c@XKP]zAEZEn@A~AIj@?XEVOp@MxB?TJP?XMl@C~AOjAIzB?p@DVDp@DTNHATOp@H|AIr@XfA^b@BXGT_@zBGl@AZUfB}@fCWf@MLKTKLOJk@p@s@p@_@d@O`@BhALdAV`ADXETMNJPNp@Xd@CXa@VOFWBw@XQNg@VQLiAj@w@ZuAx@gAh@s@b@QF_@XkAd@ET,2
13,2,Track Run - First Pyramid Run w/ Lachlan,4733.2,1558,2299,129.3,Run,Run,0.0,10901383733,2024-03-06T09:38:20Z,2024-03-06T20:38:20Z,(GMT+10:00) Australia/Sydney,39600.0,,,,12,0,0,1,0,False,False,False,False,everyone,False,g16756291,[],[],3.038,5.415,,True,155.9,173.0,False,True,47.3,32.3,11657091930,11657091930,6B022FFB-9226-443F-A918-3106C7F396E0-activity.fit,False,4,1,False,94091899,1,a10901383733,,2
14,2,Nice and easy warm up run,3006.6,1320,1327,84.9,Run,Run,0.0,10901158731,2024-03-06T09:01:29Z,2024-03-06T20:01:29Z,(GMT+10:00) Australia/Sydney,39600.0,,,,11,0,0,1,0,False,False,False,False,everyone,False,g16756291,[],[],2.278,3.274,,True,139.6,149.0,False,True,47.3,32.5,11656850295,11656850295,584BCDEB-1972-4C64-99B3-1B702CB32C72-activity.fit,False,4,0,False,94091899,1,a10901158731,,2
15,2,Nike Run Club: Monday Evening Run,8006.9,3489,3493,53.0,Run,Run,0.0,10886744077,2024-03-04T08:51:14Z,2024-03-04T19:51:14Z,(GMT+10:00) Australia/Sydney,39600.0,,,,22,2,0,1,0,False,False,False,False,everyone,False,g16756291,"[-33.87834822759032, 151.1466572061181]","[-33.87495690956712, 151.14888704381883]",2.295,4.252,79.6,False,,,False,False,17.6,-2.2,11636971100,11636971100,stripped_health_data_94091899_1709545845.fit,False,0,0,False,94091899,1,a10886744077,vnwmEeapy[ESQOQASKKUOKSGg@ESI_@c@QCs@a@SGw@_@QQQGSASKUESEi@@EYZ_A@WHSMKe@Ik@QOSi@IMOIWe@TW_@SC_@aAQGSBe@UA]QDEWMSOMe@Og@KOKw@Yg@Ga@Mm@EQGUC{BCkABc@CQDg@CSB_ACc@US?_@Yy@YcBkAQEa@UUAQIOMQGIQ[[e@{@Eo@EUAYGWCm@Gk@Ho@LS@WAUIUEo@OQi@OQMEY?WOK?UIWAUi@oB}@aBa@{@Ok@KQ?YWc@BUEUKS[a@a@Yw@c@}@}@_@w@GUAYKOAgAOi@MSFm@GUL[?q@AUSGe@Bg@ASGOKISW_BIUKQk@s@QMKOOM_@UKSeBGS@QIOK[_@?q@LQd@S\c@KSSGOLm@lA[z@y@bAGTu@hAIRONUd@_@^i@n@OLk@l@QH_BvAgCfBMPIn@CzAEfABVCp@Ol@Uh@ORETKTFTMRQf@BVOLBhACVAn@Kl@Rf@PPTBVCNMx@CPGRBPET?|@IPDPGR?RGf@CPFZ^Nj@Bn@IX?TGTJ|AEp@Mh@_B|CITAVNdALPNh@NLHVd@PNMRFbAj@\~@PfAX`ABVb@|@\`@NFX`@PDFTPJf@n@PFr@dAPJLPZZd@z@XdAh@nEDfACT@XEl@@XCbBCV?r@NhDLPHTr@b@Z`@Th@RFT?`B[lA]LKh@KNG^WLSb@[JSTk@Vi@FWHSLg@HQJm@Pk@NMPGR?h@MTEd@DNHPf@Nh@DXPj@Jl@HTLn@X~@`@bAJNRj@JR^|@FXFj@`@rBHj@Bj@Tj@BVj@tBBVRd@LPHRj@l@`B`@f@?x@Mr@Y^[j@u@HUJUZeAGWSe@W_Ai@uAQgAUcAAUQgA?YIiABUEWAUBmALcBHY?ULiANs@R}ANm@BUBWCUPSAWLQ^y@LMRGfAo@f@O\]`@Y`@[Gm@Tm@LOREl@Bv@Oh@DTl@h@TLL,2
16,2,Home to Marrickville pork roll,5220.6,2234,2299,55.0,Run,Run,0.0,10865006442,2024-03-01T00:45:37Z,2024-03-01T11:45:37Z,(GMT+10:00) Australia/Sydney,39600.0,,,,1,3,0,1,0,False,False,False,False,everyone,False,,"[-33.91188849695027, 151.11210767179728]","[-33.910415628924966, 151.1562020983547]",2.337,3.342,75.8,False,,,False,False,38.4,1.4,11613456427,11613456427,stripped_health_data_94091899_1709256247.fit,False,0,1,False,94091899,1,a10865006442,tr~mEkoiy[REPOdAk@~@SPM?UIs@Ye@OIJWBYUk@CUQuBAcAPKf@s@zByBb@}@Va@FW^_Ad@qE\wBFUGSSKMQUwADY@UEeABWFUBq@g@GoBj@SFSAGUFW@Yg@{@IUCq@EU?m@@WLm@Zc@`@[NQGY?WDU@UNk@NcAHW@UFSAY@YAWBm@TqCHUDk@Ni@Hq@Bo@DWBo@Pg@PQHQd@s@^_@Jm@Kk@Jq@b@}@FiAKo@IUKk@]uAQiAWk@SCMSMk@ISm@o@OKiBgBSEi@@SIGUBULQ^]d@Iz@mANKr@o@`@YNm@LU}@iB[]Sg@c@u@g@qAMSIWq@sA[e@Si@c@}@e@oAm@iASe@o@kAUg@a@y@Sg@CUMO_@[c@UUCKMQg@OMIUEUAo@SGy@OOGm@s@{A{A_@[}BaCo@e@gAmAq@m@a@[MQk@m@KQkBiBKUY_@Ye@MMcAsAAYTeAHSZqBd@kBBUXgANcAHSDULcA`@uALk@Ho@VgAHWV}AXcARuAHYd@oBJm@JSVaAHSVcAx@aBV_AHONm@Xi@h@uA,2
17,2,Speed Run with Dave,3800.2,1515,1526,22.0,Run,Run,0.0,10859700605,2024-02-29T08:33:02Z,2024-02-29T19:33:02Z,(GMT+10:00) Australia/Sydney,39600.0,,,,1,3,0,2,0,False,False,False,False,everyone,False,g16756291,"[-33.83065561763942, 151.08402075245976]","[-33.832832649350166, 151.08314375393093]",2.508,4.84,77.3,False,,,False,False,12.2,0.8,11608007704,11608007704,stripped_health_data_94091899_1709197121.fit,False,1,0,False,94091899,1,a10859700605,`enmEqrcy[e@Ay@KSGSKS?UE_@Y]c@Si@EUKQIm@[_Am@kAo@g@iAk@SCy@QQ@qAQ[h@CVOj@OfAAVJRdBnALPdAp@\\^Xp@l@PFl@l@b@ZNNNHLNx@\d@P?_@FS@W?WE[FZ@r@EfAQzAo@lB}AzCw@bBo@jAWh@MPQl@_@`AORSn@MPm@lAUG_@ZMOSEOMa@SOQQIOM[[w@m@QEs@fBMN}@J[]cA}@SIQQ_@UIVAj@ER?TDT?VMh@DV@Vp@\p@l@PCHSLMXc@Rg@PKTe@DYp@uA^e@PFBUPMPJ\^^\NHNP\XTJr@l@TQXe@NO\k@NOTe@Pm@x@oBhAwBh@oAfAqB\y@ZeAJi@Jq@@s@Dq@DUZl@HTMPRFR@d@ChAHT?d@CPBRCz@Fd@C~@BTGj@HTCtAB,2
18,2,Nike Run Club: Tuesday Morning Run,9292.9,4635,5084,63.0,Run,Run,,10844464499,2024-02-27T00:04:11Z,2024-02-27T11:04:11Z,(GMT+10:00) Australia/Sydney,39600.0,,,,0,0,0,4,0,False,False,False,False,everyone,False,,"[-33.88836896046996, 151.2125976383686]","[-33.881943225860596, 151.2100564967841]",2.005,3.348,77.9,False,,,False,False,53.0,18.0,11592331400,11592331400,stripped_health_data_94091899_1708997359.fit,False,0,0,False,94091899,1,a10844464499,x~ymEw~|y[Rg@Fk@HYTc@FWHQPMHSBWZc@J{AFS@s@?UWcA?YDUD}AHq@b@OPKPOJSBUCWKUKSOMGUMQSi@CU@aACUISMMOm@OOHk@NORER?fA_@j@Eb@MRCv@]d@Gb@SRAP@z@Id@KR@d@S~@?jAMR?pAGv@KRGb@GlAKf@API@o@DWHSHgAP_BDUZ_AReAJQ@m@t@b@PGDUAWPk@PeAj@gBBURi@BYTg@NcAHYJk@@YVc@HSDW\{@Nm@Jo@\a@I}A?YCm@Go@ISIeAOi@MSGUMSSi@c@w@ESQGOMk@o@aAw@aBcAa@_@SGUg@OK[_@OMc@y@Si@GWMUGUMo@SyAAWGm@AaBDaBAUb@{DFS@U\yADYJQHULMPk@xA_Ch@m@d@u@LKHW|@_ArBcCzAuA~@o@NQPGPQx@UNIT@PMjA]TCb@KpAGPCTAPBPIRCfB?RDz@Hb@RPJl@n@PJl@l@Zb@Vf@j@r@Nj@LTZtA^~@VbAJPFVTh@@VPj@LRT~@Xb@n@l@Vd@PNl@hANPHRKRDVLPj@hBDTRj@RHFhANhAAh@EV?XRNJRFREl@Bl@LNNIj@j@JN?VGT@T~@j@JR^Z\b@LLRHDTONe@z@Oh@Mj@KPe@fBKRETe@rAWbAOPGTu@|AMh@M`AuAbC_@vAKPa@rAe@x@k@n@cAvAk@l@g@v@MJy@fA]Zg@r@aAx@MNU@PELNe@p@SJQFS?g@H}@Dy@Fy@@SDQJMLQDg@Dw@LSFy@Fe@HSAS@c@PQLQIS@ODg@@c@LUDe@AODU?mAJkAPg@FQAk@BQE{@RQCCUDq@iCNOD}@EMLSBSFmAFWeAm@mAGSTJ?]F?AVBTQMGVFj@CVFl@GXSB`@OPBIVHh@FxAw@LS?{@PSASHg@DQAg@DSF{@HcCl@gCd@e@RSBGRATOJQ@a@XSBc@Jg@Bs@ZOJQFe@JQBw@Xc@Vc@Pe@DSFa@ZKR_@`@@VMNSBOOs@`@UHKf@Yd@i@lAOl@KRSl@CVWb@Sf@CVQf@GVFn@MJSDML]~@Wd@Uj@W|@KPBVa@\Y~@OH_@x@EV?XGRUBe@Kg@GOLMdA?VOj@@TMpBa@z@g@hB,2
19,2,W1D1: Recovery Run 3km,3015.2,1275,1289,24.0,Run,Run,0.0,10839126206,2024-02-26T08:37:02Z,2024-02-26T19:37:02Z,(GMT+10:00) Australia/Sydney,39600.0,,,,1,0,0,1,0,False,False,False,False,everyone,False,,"[-33.83105308748782, 151.084978049621]","[-33.82671570405364, 151.08070763759315]",2.365,4.154,78.4,False,,,False,False,12.4,-0.2,11586855350,11586855350,stripped_health_data_94091899_1708937920.fit,False,0,0,False,94091899,1,a10839126206,rfnmEorcy[aADaBQSGOKg@QIOc@YGS]y@a@yAk@qAYa@QMQGQMMQg@OSEg@S{@KW@UCe@Kc@U}@Uc@OQ@KRGVAn@MPEp@t@d@PDJNt@d@n@l@PHpAhAdAt@\b@fCbBl@j@r@f@dAn@PIASF_BRBKhAK|AGj@IRIl@i@pAMPk@nAYd@a@|@MPw@dBMRm@tAETKPGRWh@[\_@~@GVOHQMeAa@QKm@k@QIOMm@o@QAIPOHMN_@v@w@jAi@rAMLe@r@KPDVd@Nd@Tl@h@FRNPRH^`@RJPDl@kBTg@j@q@HQf@s@JSLO,2
20,2,First 10km,10012.8,4537,4573,70.0,Run,Run,0.0,10823454061,2024-02-23T23:36:11Z,2024-02-24T10:36:11Z,(GMT+10:00) Australia/Sydney,39600.0,,,,0,2,0,2,0,False,False,False,False,everyone,False,,"[-33.82277579046786, 151.07828895561397]","[-33.82073010317981, 151.01004953496158]",2.207,3.692,78.9,False,,,False,False,18.6,0.0,11570542751,11570542751,stripped_health_data_94091899_1708735963.fit,False,0,0,False,94091899,1,a10823454061,vimmEccby[f@TNLRHATg@z@Uf@c@t@Y~@MxACn@@p@Il@IVS@MOQEQ@U?SFy@\{@De@EQ?}BM}@Ae@GeBCkAMMLEV@ZFR@r@Hl@TfAJRFVn@lAZb@PF\^TdAHTFTp@jAl@jAd@v@FVt@`Ar@dAl@p@JPX`A^|@bArBHTn@fAv@|ATf@Ll@JP^VZb@h@jBPJHTZd@FVm@`CCX@TIn@Bp@A~AChAGn@Bj@Jh@An@HfA@n@GjASbAOdAY~@Yd@[~@EhABfABX@Vb@vABV@l@Fl@CfAEXBfAf@xDAfDIbAClCI|A?~AAXKl@Cl@FTTd@jAVRJ`B\lAWRA|@NPLHRMNSF_AA}@M_BBg@Eg@AS@a@KiKs@_BOPKh@IvBBPJFPBXEl@a@v@_@\AXMVAT?XEVOp@MRGR[b@OLSHo@hAGfAEX_@z@KRk@p@oAjA]b@Yb@[`@g@r@a@R{@Re@DQF{@dAo@f@OLw@\QBOJe@Ta@Xi@n@MRc@~@_BbCGVMRQBOLSBC|ADVJPLl@Bn@El@Mf@IRIj@Hl@^z@DXGV@TZ\?XUd@Cl@GV?TBVGhAQtABlAVd@j@p@@VDTPLXf@PNZ~@Xd@^XJPBXEp@@VChAGn@Kl@[~@AVBp@@n@In@GTETCj@CTS~@FT@VUnCITM`ASbAQl@OL}C_@S@e@NaAp@SDQHcBDQ?S@cBEg@ISESAw@USAGT?XCV@n@GVE|A?p@SbDCfAUBc@UQCCdA@l@Uf@HRRDf@TNLBX@p@K`B?XHVLNPLhA\PJVf@?T_@bA]`@IP_@nCAVAp@Bn@Hn@An@Mj@CX?VDp@IbAR~A@p@Kl@Cl@Kl@Ep@B|AHhAHl@Ll@FVNPNHPHf@FP@hA^NLZ|@Lj@\tANPRHzCZbBXDT`@XP?f@HPJPDPLf@?NJbCz@NNGhAAn@Il@C~ACVBTLNFTYdEBV?VNjAV|@RbAJTJNHTLl@HRFfA?nADREVIRKjA?TKj@@TEVOj@IREZBTLTRHR@PIz@ER?RD,2
21,2,Awesome Blackwattle to Darling Square Run,7007.3,2951,2981,29.0,Run,Run,0.0,10812580332,2024-02-22T08:08:33Z,2024-02-22T19:08:33Z,(GMT+10:00) Australia/Sydney,39600.0,,,,1,0,0,1,0,False,False,False,False,everyone,False,,"[-33.872309401631355, 151.18298990651965]","[-33.88075986877084, 151.2025362532586]",2.375,3.556,78.7,False,,,False,False,15.2,0.8,11559354591,11559354591,stripped_health_data_94091899_1708592308.fit,False,0,0,False,94091899,1,a10812580332,dmvmEaewy[OMGU?YDULOPIh@ETIp@e@PGd@CRFTIJS^a@LMf@SHULORKLQTk@Hk@@WFURgAR_BLUdAq@JSQOFU^[f@DhCq@T@PM`@]FS^[d@WNINSNG?WOQOk@Yi@y@gAq@iAOQISg@w@c@y@[a@Sg@u@kAWg@[_@We@kAiA_@]IQSCSDQCcBJQJ]Zg@x@a@\KTCR[`@ETKPITKROJIl@?XBn@EVKTQNCTOd@e@v@OLETMNKTONQd@SNUh@[bABRQj@Yf@ITq@fAOJSFKNs@d@QBQGOJ_@bAMNOHw@eAc@a@iAqAa@_@[c@c@[OQSMOG}@?_@a@_@WMi@g@q@Wi@i@q@AWb@kCAYOcACWOm@OI]g@OJUBQHGTFXKPc@LOJSF]`@g@Ry@VUe@e@yACq@GWQOe@q@Si@EUa@}@SiABo@KQ]_AFUPDb@RNNRDLOv@^r@d@f@JTCPKbAu@REdAm@P?POd@ONQPGPC|@_An@k@JSKQSIe@G_AASCeAo@][UC_@]aBaCs@c@_@_@KOEWZc@PIf@MPMPE~Ad@h@JPJTDx@\xBb@~Aj@hAj@pAZREPM@UPm@Fs@X_Bc@Sc@KQA}@U{@Oa@YSKUASEe@ScBa@GWHgALk@NKREd@LRHd@Fv@XR@b@Ld@BPDd@LRHRBd@Lb@HRHb@\PAPIPEFSAo@BYCYDiADSPMPC\ZPHRBd@E|@@Xc@v@ARDz@FLOTDz@DPFPAJWVi@RCPA`BJ|@@fAq@x@[r@a@|Am@`@c@t@Q^U`@ORBTENIPAf@OTInAQt@Q`Be@PAd@Sf@GTBREPGPOb@Ot@c@nA?VENITARGPCRI,2
22,2,Nike Run Club: Tuesday Evening Run,5018.7,2332,2345,34.0,Run,Run,,10804796063,2024-02-20T08:42:51Z,2024-02-20T19:42:51Z,(GMT+10:00) Australia/Sydney,39600.0,,,,3,1,0,3,0,False,False,False,False,everyone,False,,"[-33.83044833317399, 151.0840472392738]","[-33.831673599779606, 151.0860286373645]",2.152,3.096,78.3,False,,,False,False,28.4,1.8,11551354973,11551354973,stripped_health_data_94091899_1708481643.fit,False,1,0,False,94091899,1,a10804796063,vcnmEcscy[e@AQCg@BUIc@Ss@k@GSKOOm@SaAKSEUKQMMs@gA_As@s@Q}@EyB_@kAa@s@]Uj@?ZIn@Sf@b@T^^d@XlAjAPFJNPHn@h@PH^`@NHl@f@JNPF~@x@PFxAtAfAb@`@VDY@cADUJO?XGn@?XCl@Gj@SfA[`AcBnD_BxCSf@_@v@[~@Yb@Qf@Wh@KPSLKPEVOLe@[QCOMQG{@OSKYa@a@[OGUCOLMj@a@x@UIONS?INOMIQa@_@s@c@OOc@[S`AEl@BTIR@TCVBXJLPLNFV`@dAv@P@RFNHNNPJZd@HTPJTDZ^^VJNJRNLPF`@T\XRDJPBXdAj@PFNNNm@n@iAFURe@PM\}@Zc@HSLSIUc@KKOSGQKYc@QGMQ_@WgAqADUNOPKXg@LMl@cA\_AVi@HUp@mADSr@kAFS`@}@d@u@Rk@n@kALo@JUJo@LgADgAPARd@ATLPf@IbBDPDh@CvFHRER@RAP@~@AnAHz@?f@DT@PD|@ATBfB@f@Hb@Cz@DTCf@DPGBgAAUFeAPeAFq@IS@YMOu@]MOQISEUc@U?MO{@Y,2
23,2,Nike Run Club: Tuesday Evening Run,5012.4,1458,1458,14.0,Run,Run,0.0,10751929462,2024-02-13T08:52:00Z,2024-02-13T19:52:00Z,(GMT+10:00) Australia/Sydney,39600.0,,,,3,2,1,1,0,False,False,False,False,everyone,False,,"[-33.85796268470585, 151.15651910193264]","[-33.866085251793265, 151.15461892448366]",3.438,5.268,82.2,False,,,False,False,12.0,-0.8,11496848415,11496848415,stripped_health_data_94091899_1707815790.fit,False,1,2,False,94091899,1,a10751929462,ddtmEkpqy[BfAG\Sj@c@z@w@pAGRBn@Pj@LNHj@Zh@PLnAT^TLLJRdAbEVn@LTh@l@NJPRpAlAx@hAPJj@t@`@t@^pAFj@FVNhAJdB?r@ElACfAEj@DTET?r@JjA@n@FTZb@dAhAZh@`@LPARITERIb@KTIvAc@h@Y\YNI`@_@ZeABWTk@p@aCLO`@QhAUPAf@PX^d@jBLt@X`A\bAJl@h@vAHRLL`@~@t@~ENn@LRl@hDJXh@|@d@^d@Vb@Jx@BRAb@Kf@Qp@m@Xa@LWDY\_ABYYg@g@gBSe@CU]{AGk@EUUwBAo@C{BT}B@_@DSN_BLs@HS@[V}AHiAZe@Te@LONKTIf@Yp@[`BuACo@JSLQPSRIRLTAd@QREf@JRRBVLLTDf@VRP^f@PNPHPDPARIEYd@{AOOm@O[[QIU?c@WOQQKYIa@_@Yg@YESBo@MOm@KQe@a@m@OSOSCkA_@WAmAU_ACQ@uAEk@DSEWBe@EQDSAy@BQAQKUE{@e@u@[y@e@a@[a@Sk@Cc@[k@y@,2
24,2,Nike Run Club: Sunday Afternoon Run,7528.0,3595,3683,30.0,Run,Run,,10737682674,2024-02-11T01:50:23Z,2024-02-11T12:50:23Z,(GMT+10:00) Australia/Sydney,39600.0,,,,1,2,1,4,0,False,False,False,False,everyone,False,,"[-33.877295292913914, 151.20164207182825]","[-33.86150990612805, 151.21045438572764]",2.094,4.338,78.2,False,,,False,False,15.6,1.4,11482144676,11482144676,stripped_health_data_94091899_1707619921.fit,False,0,0,False,94091899,1,a10737682674,tfwmEilzy[SJSFi@HgA\KPQFU?W@u@VSBQGAWBYAm@IQGSC[IUAYSi@OKQCQIe@ESGg@CgAUe@Ge@MS@SGOKg@Ay@Kq@g@QEe@?OMOFMNKj@?VMh@Sj@CVKRQPQDk@Ic@[i@IQGeDHe@LUCQBUAQBU?e@DQASBQJSBg@CU@SGe@Nc@?g@Be@HS@SCw@LS?SDe@By@GkALSKSJS@QDc@MQMa@OQC_@VKP]^OLS?SCSDSJi@@g@GUAQFS?SF{@FUAw@HcBHe@?e@HQ?c@OUi@OKc@eDESIQQKUCMOKSQESBm@f@KRATDVV|@FVGn@w@|@GTKNOJS@QHQ?QFi@Bu@g@e@Oe@CwBZy@IS?SCQEQMMOGUCWFm@AWGU?WDYJQNI\_@HSXa@^[Fk@TeALMFU\{@BWHUNMBU?WFU@UK}ANk@AU[wAs@_BOMeAyAWi@Ya@KUOOGUQKe@u@y@_Ac@w@c@U{@QQGg@?QKg@ISIGS?WDm@`@}@FUh@q@Te@FUNMt@c@dAa@JSbAq@NIPCb@RHPNj@Jj@CTDZEdABXb@Tv@IRB|CgBb@IPBNJ|@?NHd@DRDf@G@TREPBRER@x@NNHRABU?WPMTDREPBx@Bv@LR?z@Jd@ETe@DWCq@Fo@Bq@FQCUBiAP{A?UBY?o@c@}@GWkA]OMUHcBWiCOQEQK_@a@QIWc@GUWm@]c@GUMOIUOKUDOECYDgARcALMHSNKJSDULOHS^_@b@w@Tg@f@w@`@[b@Sd@]x@YlAGf@R^\KPe@LQESA}@z@S@c@Xk@n@Yb@m@h@gAf@m@j@S@SDW@SESIQ?SEu@YSAQGe@Iw@WMMSGQ?MLUf@[d@Mn@D|ANJf@?d@Dv@PRHTDj@CPDv@Zl@r@P?x@T^ZNn@JRDVHPDTPJx@PR?TFPERFj@CbCRf@@jAPTn@DXLPAXLLFXGR?TFPT@JP,2
25,2,Nike Run Club: Friday Evening Run,3572.2,1503,1509,23.0,Run,Run,,10725578198,2024-02-09T06:20:27Z,2024-02-09T17:20:27Z,(GMT+10:00) Australia/Sydney,39600.0,,,,0,1,0,1,0,False,False,False,False,everyone,False,,"[-33.8720394205302, 151.18326206691563]","[-33.871761644259095, 151.18186622858047]",2.377,3.226,78.4,False,,,False,False,13.4,0.6,11469655293,11469655293,stripped_health_data_94091899_1707461146.fit,False,0,0,False,94091899,1,a10725578198,fpvmEesvy[Ip@[~AAjACTDTTd@Ph@LRPFBVLPTf@Rn@bB|DDRTf@bBXR?f@Jf@DLNh@xACRW`ACV{@hAQHi@L_@TKPe@Re@LCWd@u@Za@Vg@No@g@wAPIz@?d@@PFP?RCPFRBv@b@P?h@CfBBRBPHx@ARCTHR@T?NIISCY@UPEP?d@QJOT@RI~@EPk@JQ`A}Bx@aAfAkAXa@Pg@h@w@zA}ARMjAg@AUSISLBVEVeAx@IPONIRoAfA_@v@cCxCET}@bBSh@KPQL{@HU?SHMJiBP{@CqAUe@LSEQ@i@Ks@g@QGg@Mg@BCYDWEiAEW?UEq@QgAm@cDIW?UGSGk@OIKNOHaAx@w@b@y@OSISDGTKVUBMQg@mA,2
26,2,Nike Run Club: Monday Evening Run,4469.5,2104,2121,26.0,Run,Run,,10699635761,2024-02-05T08:32:40Z,2024-02-05T19:32:40Z,(GMT+10:00) Australia/Sydney,39600.0,,,,1,0,0,2,0,False,False,False,False,everyone,False,,"[-33.830331321805716, 151.08399091288447]","[-33.831236734986305, 151.08388907276094]",2.124,3.223,79.7,False,,,False,False,12.6,1.4,11443033763,11443033763,stripped_health_data_94091899_1707124637.fit,False,0,0,False,94091899,1,a10699635761,fcnmEwrcy[SASMUBe@GSGc@[We@Ug@Qi@@YOMEU[{@q@eAMMs@_@OMQIUCOMSGc@Cg@MUASBy@Ye@Kq@]e@Kc@UiAa@c@Ie@QQ@Al@Sf@JTRHb@Zl@h@`An@n@j@`Av@RHJP`Ar@RHn@j@LP`@Vn@h@NHJRRH^ZJNPB`@Tf@NNNd@Rn@f@b@RLLAq@Bm@FVKjCM~@IPW|@{A~CkCfFg@tAGVUh@Oj@MP_@ZMPCVIRe@Qa@Ye@WQCSG]_@OKUEOKMQQKOHUBOQIRCXGRMl@QJOPs@WSESKk@o@s@e@S@Dn@G|AOh@@r@PFx@~@`@XPMFSLOFSp@eAx@uBNQRe@NQPALUHUf@p@JT^XZ\`@VRFt@d@RILQHSNM\e@f@w@HU?WJUJO\}@fEgIf@sAVaANeABo@BY?q@PLRh@FVPBR@PCPGTAJQPANPPFP@RER?JSLPPFNPlA?RCtB@VAz@BPCP@RHPIx@Jf@EPDPAx@FLg@?o@BWDm@AUDo@DS@WMQ,2
27,2,Nike Run Club: Monday Evening Run,39.3,20,53,0.0,Run,Run,,10699635471,2024-02-05T08:28:09Z,2024-02-05T19:28:09Z,(GMT+10:00) Australia/Sydney,39600.0,,,,0,0,0,1,0,False,False,False,False,everyone,False,,[],[],1.963,2.616,48.9,False,,,False,False,16.8,15.6,11443033507,11443033507,stripped_health_data_94091899_1707124632.fit,False,0,0,False,94091899,1,a10699635471,,2
28,2,Nike Run Club: Sunday Evening Run,6520.6,2588,2636,25.0,Run,Run,,10692634424,2024-02-04T09:12:27Z,2024-02-04T20:12:27Z,(GMT+10:00) Australia/Sydney,39600.0,,,,0,0,0,2,0,False,False,False,False,everyone,False,,"[-33.832470132038, 151.08362906612456]","[-33.83264464326203, 151.08313738368452]",2.52,3.95,79.7,False,,,False,False,12.8,1.2,11435648759,11435648759,stripped_health_data_94091899_1707040595.fit,False,0,0,False,94091899,1,a10692634424,|onmEcmcy[QCS@mC@yA{@MQg@MIUQI}@?UCQKUASFMj@EbA?XEp@UdAIRQl@}EnJOj@Sf@On@MNg@rAi@v@IRo@p@IRQNQHIT[^Ql@CVm@j@GR[`@_@~@b@\FRb@Tp@f@b@RDTNP`Ap@n@p@PFNNPL\b@r@b@Z\r@f@n@n@RFLNRJNNNPNFb@\RD`@`@HTLNPHNNRDPJ`@ZZ\LRb@PPNXb@rAdAp@`@xA^f@Bz@Od@CPCPORE\_@RCb@WX_@Ni@JSPm@NQNKZ_@Rk@NQRg@LORg@Xe@LMJSn@w@Vc@^a@Xg@^[`@Ud@BNK^Y`@a@`@UNQtAaARGPMRIbBWz@Eh@Dh@Jt@Zl@l@JNNNLRl@n@PHrAjA\`@JP\\PLPFb@QLKd@y@bAu@r@a@LMf@IT?t@Ud@EPERAPGTCj@AREpAJz@CPBlA?RDnALRAd@HRHh@HnBl@h@DPJtAXx@XTDRHx@PTHb@DDUTEf@ANKBq@Nm@LMPFlARf@DRACWQOa@{@e@u@o@{A[e@Wi@Sk@w@sAo@uAe@{@MQSm@gAyBIYi@{@c@aAYe@[_AeAkBUk@aAgBSg@QOQDOKSEOIQ?oAIg@Ai@EuDGSBg@ES?i@GQGU@UEsACiBSUAg@Bm@L}@JcA?QEcBOS@oANU@}@Ee@MQMeAwAMJg@OOMc@Q_BUQGe@MSKOOg@WWEUDGRMj@Ar@ER,2
29,2,Nike Run Club: calm recovery run,2364.4,1205,1205,19.0,Run,Run,0.0,10680349022,2024-02-02T08:39:25Z,2024-02-02T19:39:25Z,(GMT+10:00) Australia/Sydney,39600.0,,,,0,1,1,2,0,False,False,False,False,everyone,False,,"[-33.830066956579685, 151.08320351690054]","[-33.82960477843881, 151.08405251987278]",1.962,4.633,78.5,False,,,False,False,17.6,1.8,11422904373,11422904373,stripped_health_data_94091899_1706877794.fit,False,0,0,False,94091899,1,a10680349022,vanmEgmcy[mABSIa@YQGOOSI_@[QKMOOG][SK}@{@_@[c@Wk@k@QIOMMSSIMQcAo@_@_@q@e@OOoEkDoAgAKOMi@AWZ_@EuBJOPLCVGTDVDn@n@g@t@a@PERH~ANd@Lh@JP?RCb@Px@Hf@Jh@BPFd@HPCRDb@IRDb@TRBPCb@LTCPHR?PJd@NP?RFd@Az@LRHd@Cd@Pd@C|@VPEx@Vf@?`BRfATh@BHR@TCTGT?bACTGfAGRCp@IT?V,2
30,2,Nike Run Club: Wednesday Evening Run,3589.9,1870,1883,12.0,Run,Run,,10665927756,2024-01-31T08:20:22Z,2024-01-31T19:20:22Z,(GMT+10:00) Australia/Sydney,39600.0,,,,4,1,1,3,0,False,False,False,False,everyone,False,,"[-33.87534289620817, 151.2321127206087]","[-33.8699552603066, 151.23592874966562]",1.92,2.83,76.6,False,,,False,False,9.4,0.4,11408116937,11408116937,stripped_health_data_94091899_1706691115.fit,False,0,0,False,94091899,1,a10665927756,|gwmEuo`z[Sg@_@qAKQOk@Wg@k@u@[aAKQOI}@_Am@m@a@Y]a@w@a@GQu@_@KOQMQCOKy@Ce@IU?g@Oc@EQIiCi@c@@SES?MMU?eBTa@RU@QFOLa@Lg@DQFQ?QHS@SFQ@OJS@QF]\QJLLz@Kb@Mh@Ex@Cb@G|@Gj@I|COnA?x@BdBNv@PJUNOPGhAVPKJMPJRFNNb@RLPNFNJZ\l@b@|@z@h@t@hAfAFVVd@t@fAb@rAZvA\z@Dj@d@pBQh@MPg@l@OLSAOIc@[a@USGKSCeARe@VcADUDq@Ak@MeABW?k@Gm@[_@Y_Am@g@Ue@o@e@m@m@KQ]YQAOMOOIUe@IQKIOc@QKNSAQEQKQCw@TU?OFQJQE}@GOGkCEaBJSDQ?SDQAw@JQAc@Fi@Bw@JSA_BPQIBU^_@RITAPGh@Cf@KPKPAd@MR?NId@GPIREPAPKPC,2
31,2,Nike Run Club: Wednesday Evening Run,2532.1,1275,1389,11.0,Run,Run,,10665807288,2024-01-31T07:56:46Z,2024-01-31T18:56:46Z,(GMT+10:00) Australia/Sydney,39600.0,,,,0,0,0,3,0,False,False,False,False,everyone,False,,"[-33.87013555504382, 151.2358343694359]","[-33.87550776824355, 151.23161802068353]",1.986,3.104,77.3,False,,,False,False,11.0,-1.2,11407992591,11407992591,stripped_health_data_94091899_1706689203.fit,False,0,0,False,94091899,1,a10665807288,jgvmE}faz[[Ug@Fi@Ve@Jg@Pa@JS@y@Ty@@c@NQ@KP_@\JNRGx@Gz@Oh@G|BIPGdCMPEz@?d@BTAh@Dz@BPFd@Dd@JDS`@WP?RFP@PHLLEn@JNr@Td@TLL^w@P@PHLNd@RXd@PJJPn@f@x@hAp@hAFTJdACn@H~ACl@S`AMj@a@|@g@lBUh@OMUCQH_An@QDQJw@TMLATFh@?VTd@FRNLJQDWTk@NKb@RHR?VHT`@v@Zb@DRd@Ob@Ex@ARDR?DUPg@Ho@@UEk@GSISMQQM}BeAQIOOJUFSDWHQb@QRAfBlAPJPDLNfAj@JOBUIUO{AWaAQcA,2
32,2,4.5km ,4509.4,1413,1413,10.3,Run,Run,0.0,6277909217,2021-11-19T08:25:51Z,2021-11-19T19:25:51Z,(GMT+10:00) Australia/Sydney,39600.0,,,,8,1,0,1,0,False,False,False,False,everyone,False,,"[-33.90934098511934, 151.11287922598422]","[-33.910253355279565, 151.11513077281415]",3.191,5.376,,False,,,False,False,8.9,4.3,6672087288,6672087288,8d1ec00a-0fb1-4bd7-b61a-91ce7f8a9094-activity.fit,False,0,0,False,94091899,1,a6277909217,l|}mEmfiy[@}BCEBEVi@Vw@To@Ta@dAyAt@}AFCDBFANDVINGJIh@O^Oh@[v@_Al@i@r@cAd@YZWv@aAZ[TQRYfAmAbA_ADMEi@Z{@LoACSM]@UHYTe@^cA@_@KeBAw@?_@GuBa@wAQ_@]c@AI@SI_@A]PyADQ^g@`@]BMDeAHs@Z}AF_AFoBPmBN{@Ne@NkALo@@OC{@BWFSNa@j@w@X[Xk@BUCYHq@X{@HoAAQi@wBScAc@}AIQSMIK]aAkDgDUEm@@YEECAGBEDC^Tt@FJBt@l@Z`@pApALVPt@BDTDHFTh@^~Af@jCB`@C~@GPQTAFI~@@z@Mh@Y`@y@|@MRQf@Cp@?l@K^[tBQ`BEdAIf@AVG^?TEn@_@~AChBQd@o@fAIRQrA?j@Fj@Rh@d@r@V~@Hr@Dd@Ab@@~@FrB?r@Sx@a@t@IT@JNb@BTAVSdA[~@?b@EP_@\sAx@[\OHSPa@f@Yb@_BlBe@f@WP_@`@g@b@_@l@OLc@LUJI?YFS?_@GKB]^O`@,2
33,2,4km ,3939.0,1198,1198,10.2,Run,Run,0.0,6246302643,2021-11-12T08:02:41Z,2021-11-12T19:02:41Z,(GMT+10:00) Australia/Sydney,39600.0,,,,7,1,0,1,0,False,False,False,False,everyone,False,,"[-33.910452174022794, 151.1152318585664]","[-33.9131595287472, 151.11754769459367]",3.288,9.305,,False,,,False,False,7.3,4.3,6638301200,6638301200,4374d613-4ff7-4ab9-85d6-40fc302738cf-activity.fit,False,0,0,False,94091899,1,a6246302643,jc~mEeuiy[o@jAGCCEHUj@sALAd@LN?LGf@EVOj@k@JWf@i@`A}@d@q@TWj@_@`A}@RMf@i@l@aAhByAFOC]@OX_ANmAAMOa@AQHY`@o@Pe@BMBcAMaC?yAGaAY{@EWe@w@GOO}@?_@Fu@P}@d@c@ZWFO@kAH}@XeBNiDZmC`@aBRoAEc@H_ADQR]jA_BLi@?]FiAN_@Jo@@u@Io@UcAMYOm@UsAO[a@QCCKUGe@IQc@g@iAaAGKYQUUICe@A[CWO@EBADFRH~@HPH~CdDHLVz@BDRHDDPb@x@xDNt@@VGjAYp@Md@Bp@Kv@O`@i@p@e@t@Of@C`@@XC\s@nEIvA@NMdAGhB[rAIf@Gp@Aj@Yf@g@j@IVGd@Cz@DxAFn@BH\JHJ`@z@J~AAjAFjABhBG`@IVS`@Y`@ALPh@B`@I|@KX]p@AH@b@CLg@h@o@h@i@d@IL,2
34,2,3.5km,3506.8,1014,1018,7.5,Run,Run,0.0,6213911907,2021-11-05T08:15:30Z,2021-11-05T19:15:30Z,(GMT+10:00) Australia/Sydney,39600.0,,,,11,1,0,1,0,False,False,False,False,everyone,False,,"[-33.90956478193402, 151.11401916481555]","[-33.914102492854, 151.12236401997507]",3.458,5.426,,False,,,False,False,7.3,4.3,6603693259,6603693259,11355881-ebba-4054-acaf-b6fb6df98b92-activity.fit,False,5,0,False,94091899,1,a6213911907,x}}mEqmiy[DGD[n@cAt@cAv@eBHGFDH?XDh@Eb@OlAy@x@aAHOv@o@z@}@VM^[t@gAn@q@N]\W~A{AFM?q@Vy@RiA?OUi@CWJYr@uADo@A_AIiB?sAEy@CO[q@GSi@}@GQG}@@q@L{@FOdAoA@KES?[v@_E@kBDUAAAAGLBEJ{@TcCTy@VqABUCi@Fu@J_@~AsBNs@?QDs@Ry@L{AC[sAuFSm@]OGQIa@O[QKo@s@eB}AMEWAW?O@KAIK?GHKZPPFn@FFDvCtCRZT|@DFRBHHdAfEX~ABNCt@ET]p@EZEZBXC^EJWZQb@cA~AI^C~ASlASv@Q`BOtCGl@?~@c@jBIr@@l@GPSXm@p@M`@CjBFf@HX^l@LZ,2
35,2,3km ,3008.6,897,912,34.8,Run,Run,0.0,6182051394,2021-10-29T09:10:47Z,2021-10-29T20:10:47Z,(GMT+10:00) Australia/Sydney,39600.0,,,,3,1,0,1,0,False,False,False,False,everyone,False,,"[-33.91015402972698, 151.10686386935413]","[-33.909885389730334, 151.10846229828894]",3.354,6.43,,False,,,False,False,32.6,9.6,6569574256,6569574256,9f590b3f-a4cc-46af-8ed2-f6c6477e3459-activity.fit,False,0,0,False,94091899,1,a6182051394,na~mE{`hy[RdCHj@FV@l@Jr@T`DJt@DpAFLTHXIR?JGnCK`@GN@`ACbABLEPBJCHW?SKk@Wu@Yu@AOO]?M]s@Kc@q@oBYkAE?IHG?OY?IJMOcAYmAEKSQGKAIDQAIw@mCQ]?KM]YiAe@{A_@cBg@aBO_@I?e@T]Ly@b@GJAFZ|CJr@FbANvAL~AF^Dt@DLLvAFvAH\HrAFRBp@HPAGB?AZ@z@NhAHrAJ`ADx@D^DFNBPULA|@R\@ZCZI\EvA?PARIt@@NID@FCJSRs@MMMOO_@GSE_@cAmCES?ECJAC[uASg@Ke@GKYBC@FFe@TWPYJGDMFIBWCOBMCUFa@Tc@PKJSDIAQsBIWQuCIq@CWBOY_C,2
36,2,2.5km ,2514.8,720,730,5.1,Run,Run,0.0,6148905237,2021-10-22T08:05:36Z,2021-10-22T19:05:36Z,(GMT+10:00) Australia/Sydney,39600.0,,,,8,1,0,1,0,False,False,False,False,followers_only,False,,"[-33.90984624624252, 151.11431621946394]","[-33.91494135372341, 151.13478952087462]",3.493,9.72,,False,,,False,False,7.3,4.3,6534344347,6534344347,f1e179d8-1de8-47a3-bb39-d8cff7aadbce-activity.fit,False,1,0,False,94091899,1,a6148905237,p_~mEmoiy[}@x@BIPUt@qAl@y@z@gBDCHA\JZ@NAv@c@FM^Sn@k@r@{@`@]x@cA\Uf@m@x@o@T_@D?BCF?NMTWp@aAr@q@FKCq@BMVo@NkA?UUg@?UFS^g@L_@Ns@@[O_DEgC]s@Qk@i@eAO_BHm@L[Vc@r@s@FMCUKI?c@DUPc@\}AHkA?eABy@FUDg@Ja@JwANu@H}BRi@N]j@{@j@o@Jk@Ce@Fq@BO\y@D}@c@oCo@oCUg@UMKMSw@[c@qCiCKEo@@KAQOAMBQLSXUp@QFEd@m@RSV]NMTO`@_@HO,2
37,2,2min walk/2min run x7,2327.9,866,896,2.4,Run,Run,3.0,6129866591,2021-10-18T05:50:07Z,2021-10-18T16:50:07Z,(GMT+10:00) Australia/Sydney,39600.0,,,,4,1,0,1,0,False,False,False,False,followers_only,False,,"[-33.915712, 151.130624]","[-33.914539, 151.126284]",2.688,7.0,,False,,,False,False,7.3,4.4,6514199240,6514199240,f9ea481b-0fe3-4b4d-8967-5af3788f0c9a-activity.fit,False,0,0,False,94091899,1,a6129866591,fd_nEkuly[SgAWmAM[SgAQa@YIa@mAkAkAcB}AKEg@?QEMEAOF_@LQPMd@OPCDEZ_@HQx@s@R]f@a@\q@FAVOAKBE`@MPWNQTILMv@uATQFKFw@@sAESIEAK?[AGkAMUIWOaASKDIJQh@a@p@Wn@OPGXGl@Jj@LXLd@V`@Vh@JHBAHLFTCPADM@Ur@i@p@aAz@_AfAQJWFQNQVGXBFHHNHH@HC`@@RHrDtDBDCP@HA@@FDDRBDDFLL`@ZjABVRv@@RL^J|@AfAGRWb@E^Bj@Af@g@z@eAzAQb@E^AbAGj@Qx@I|@ObAKjAADKA@EDA,2
38,2,2km,2012.5,578,578,5.1,Run,Run,0.0,6114893739,2021-10-15T04:54:50Z,2021-10-15T15:54:50Z,(GMT+10:00) Australia/Sydney,39600.0,,,,0,1,0,1,0,False,False,False,False,followers_only,False,,"[-33.909529, 151.113796]","[-33.915403, 151.131641]",3.482,6.0,,False,,,False,False,7.5,4.3,6498282347,6498282347,e30c1cb3-85ec-4bca-a857-622cc3ef8139-activity.fit,False,0,0,False,94091899,1,a6114893739,p}}mEeliy[Pw@LYr@uAPYTWx@oBLIFAHJLFT@b@A\Mj@e@TMLKx@sAx@m@j@_Al@]fBiBXi@b@k@POj@]JMXSHKAq@BO\cAHu@CYSc@f@gATs@F[@KMsC?w@CkBK_@GMKKSw@g@{@Io@?k@NaAHa@^e@b@e@DKCk@Bc@VaAJ}@HyA?_@@a@JaAP_AFsANa@NaABwAHe@FWJUfA}A\{@HaB\eAD}@Ec@aAsE,2
